1000,Jennifer,Estrada,M,1977-01-13,Fine artist,44477154,"05901 Brittany Greens Suite 667, Hayesport, PR 43387"
1001,Nathan,Brown,F,2006-08-15,Geophysical data processor,16440665,"53530 Gomez Viaduct, North Samanthamouth, ME 96849"
1002,Daniel,Bennett,M,1975-03-08,Town planner,95678104,"15936 Mitchell Villages, Alexanderbury, MO 84044"
1003,Tina,Miller,M,1982-10-07,Futures trader,93880064,"6947 Ellis Spring, Anthonyfort, TX 12230"
1004,Melissa,Gill,F,1996-06-17,Adult guidance worker,38125180,"852 Kevin Crescent Suite 292, Seanport, VT 82247"
1005,Mary,Dalton,M,1974-08-03,Dietitian,00002307,"5787 Lewis Summit Apt. 128, Jeffmouth, MH 61115"
1006,Brooke,Neal,M,1989-09-02,Secretary/administrator,46460387,"0443 Michael Glens Suite 699, Danaberg, MP 62664"
1007,Aaron,Thompson,M,1970-08-31,Television camera operator,82943148,"64776 Davenport Mountains, Beckport, OH 03057"
1008,Tiffany,Peters,F,1986-02-10,"Merchandiser, retail",42153214,"423 Patrick Fork, Adambury, WI 89693"
1009,Steven,Miller,M,1969-07-02,Higher education lecturer,43433002,"09781 Harris Springs Suite 356, East Alanborough, SD 37814"
1010,Julia,Jones,M,1975-02-28,Air traffic controller,92592859,"196 Moore Rue, West Casey, FL 67282"
1011,Aaron,Daniels,F,1986-05-04,Chief Financial Officer,30133817,"5398 Curtis Dam Suite 324, Lake Tanyaberg, NY 69878"
1012,John,Kelly,M,1971-08-18,Commissioning editor,63273853,"88808 Mullen Islands, Murrayville, IA 65603"
1013,Deanna,Jackson,M,1983-06-21,Agricultural engineer,95897366,"13276 Tammy Club, Lake Jenniferborough, MN 91351"
1014,Robert,Rose,M,1973-09-28,"Horticulturist, amenity",92963765,"6756 Patterson Tunnel Apt. 437, Scottchester, NV 48550"
1015,Jennifer,Romero,M,1965-08-24,Mental health nurse,34370214,"7052 Jeffery Wall, Harrisville, WA 66780"
1016,Kristina,Nguyen,M,2001-02-05,Estate manager/land agent,71811105,"200 Henry Port, North Daniel, SC 63928"
1017,Theresa,Nguyen,F,1977-12-01,Oceanographer,44819029,"226 Sandra Square Apt. 397, Jamesfurt, IL 58370"
1018,Gary,Barnes,F,1967-11-21,Site engineer,84450606,"34760 Joseph Shore Suite 260, Piercehaven, MA 37414"
1019,Nicole,Carroll,F,1999-09-17,"Runner, broadcasting/film/video",96697477,"18924 Wells Turnpike Apt. 580, Welchbury, AL 19936"
1020,Jesse,Walker,M,1976-10-22,Risk analyst,52131923,"549 Mary Island, East Mark, ME 96076"
1021,Hannah,Williams,F,1994-05-12,Artist,16732462,"33254 Kelsey Manor, Garciaport, AK 66410"
1022,Michael,Rios,M,1997-05-02,Industrial/product designer,57863555,"296 Gonzales Plains Suite 674, Jeffreystad, NM 82638"
1023,Sharon,Allen,M,1991-12-07,Exhibition designer,97623537,"80733 Walker Square, Gonzalezside, OH 25010"
1024,Shelly,Cortez,M,2000-01-21,Legal executive,35978266,"91282 Page Station Suite 646, Ashleyshire, SC 41455"
1025,Justin,Kelly,M,1981-03-11,Insurance account manager,51532150,"90850 Luis Ridge, West Susan, IA 58766"
1026,Jillian,Joyce,M,1996-05-16,"Engineer, maintenance",81564381,"9453 John Field Apt. 809, West Deborahtown, MO 43470"
1027,Kenneth,Franklin,M,1966-03-08,Tree surgeon,35896155,"54033 Paul Ridge Apt. 806, Jessicamouth, OH 26800"
1028,Teresa,Sullivan,F,2001-05-10,"Therapist, drama",67444083,"78810 Michael Bridge, Port Patricia, WA 51609"
1029,Kevin,Knight,M,2006-10-19,Clinical embryologist,99666794,"416 Burns Cape Suite 824, North David, SD 35435"
1030,Christopher,Eaton,F,1968-01-23,English as a foreign language teacher,47792076,"1512 Weeks Street, Reidmouth, AL 44567"
1031,Hector,Barker,M,1965-01-17,"Scientist, clinical (histocompatibility and immunogenetics)",76163892,"3230 Harris Vista, North Miranda, MA 81063"
1032,Paul,Smith,M,1989-03-05,"Teacher, special educational needs",69643754,"9866 Smith Glen Suite 388, West Danielleshire, MH 94042"
1033,Elizabeth,Vega,F,1966-05-09,"Engineer, manufacturing",76430918,"538 Nicholson Pines Apt. 476, Flowersstad, IA 20245"
1034,Daniel,Myers,F,2003-01-12,Exercise physiologist,97099865,"33500 Montgomery Crescent Apt. 643, Johnsontown, NM 77966"
1035,Mark,Ford,M,1993-01-31,"Psychotherapist, child",56291545,"44075 Brian Junction Suite 417, West Jessica, AS 22012"
1036,Natasha,Alexander,M,1995-02-02,"Designer, furniture",47159592,"578 Long Run, North Eileenmouth, GU 06597"
1037,James,Graham,M,2003-04-22,Phytotherapist,20909974,"1864 Andrea Route, Haileybury, WY 37558"
1038,Sharon,Ramirez,M,2002-08-05,"Accountant, chartered",07346035,"138 Davis Coves, West Justin, AS 05836"
1039,Kent,Stark,F,1971-06-06,Textile designer,22494770,"1826 Anthony Stravenue, West Matthew, TN 58293"
1040,Earl,Turner,F,1988-04-13,"Designer, television/film set",08120550,"9214 Danielle Coves Apt. 687, Cardenasmouth, IA 99075"
1041,Sydney,Wheeler,F,1969-11-12,"Librarian, academic",73499651,"700 Schneider Union Apt. 985, Michaelfurt, WA 15694"
1042,Philip,Wilson,F,2007-04-15,Biomedical scientist,94085816,"PSC 0007, Box 7176, APO AE 28143"
1043,Roy,Garcia,M,1974-06-06,Sub,42326001,"336 Cameron Neck, East Scott, MD 81266"
1044,Kayla,Moore,M,1982-09-01,Passenger transport manager,90050402,"6289 Young Shore, Leefurt, NJ 40749"
1045,John,Murphy,M,1979-11-10,Government social research officer,90025647,"44228 Ellis Harbors Suite 904, Katieshire, CA 71434"
1046,Corey,Byrd,M,1990-07-12,Animal technologist,95289685,"29920 Petty Causeway, Davisburgh, OK 61343"
1047,Susan,Brown,M,1969-11-24,"Physicist, medical",66463751,"PSC 6774, Box 6700, APO AE 94252"
1048,Brandi,Christian,F,1981-09-20,Chartered management accountant,78710701,"56042 Russell Mills Suite 011, Port Christopherborough, WV 86481"
1049,Tyrone,Jimenez,F,1987-03-16,Publishing copy,54755434,"76132 Gabrielle Plains, Thompsonberg, ME 23075"
1050,John,Lewis,M,2005-01-18,Visual merchandiser,46780234,"22049 Walton Vista Suite 550, Carterstad, IL 64897"
1051,Samuel,Fisher,M,2004-06-11,Data processing manager,89362408,"061 Johnson Fork, Snyderport, RI 46109"
1052,Lindsey,Mills,M,2005-06-03,Industrial buyer,70036895,"55282 Ashley Mills, Tammyton, NC 18561"
1053,Brenda,Gonzalez,M,2006-08-16,Broadcast presenter,55444400,"95264 Jeremy Passage Suite 230, Port Timothy, MI 73274"
1054,Veronica,Cooper,F,2003-06-08,Financial risk analyst,58386036,"334 Kathleen Wells, Port Joel, FL 92334"
1055,Michele,Kelly,M,1987-08-22,"Designer, television/film set",45162353,"700 Mariah Garden Apt. 356, Port Melissastad, AR 24145"
1056,Ryan,Willis,M,1985-05-12,Geoscientist,28503857,"PSC 1837, Box 3169, APO AP 68970"
1057,William,Rose,M,1968-12-01,Insurance underwriter,98664385,"Unit 7314 Box 6302, DPO AA 30893"
1058,James,Reynolds,F,1965-12-29,IT consultant,27496759,"8110 Gonzalez Springs, Brandiborough, MN 22703"
1059,Theresa,Hamilton,M,2000-04-21,"Research officer, trade union",58268475,"USCGC Fleming, FPO AP 96691"
1060,Carrie,Best,M,1987-04-03,"Psychologist, forensic",00987892,"10841 Thomas Creek Apt. 168, Kellyville, SD 82961"
1061,David,Parker,F,1975-08-06,Human resources officer,77503218,"335 Anderson Harbors Suite 320, Lake Michele, AK 91086"
1062,Michael,Kane,F,1993-02-24,"Therapist, music",21526121,"92454 Michaela Drives, Amberborough, OR 74412"
1063,Amanda,Clayton,M,2002-03-03,Primary school teacher,17637385,"626 Villanueva Stravenue Apt. 307, North Richard, MP 32255"
1064,Craig,Ferrell,M,2002-01-26,Health promotion specialist,78196559,"44810 Doyle Roads, Jamesport, AS 53931"
1065,Erik,Nunez,F,1966-02-07,"Surveyor, mining",35734681,"449 Proctor Fork Apt. 062, Millerton, MN 87193"
1066,Angie,Tran,F,2001-09-22,"Secretary, company",84804635,"274 Monica Drive, Thompsonside, FL 35667"
1067,Nicholas,Hall,M,1997-07-30,Broadcast presenter,37555097,"USS Escobar, FPO AE 20156"
1068,Samuel,Phillips,M,1988-07-21,Primary school teacher,92038046,"26310 Hansen Loaf Suite 312, Port Scott, SC 83075"
1069,Jerry,Johnson,F,2005-07-24,Broadcast presenter,61069089,"7942 Pearson Skyway Suite 902, West Frederickville, NM 41192"
1070,Paula,Cowan,M,2006-04-15,"Engineer, civil (consulting)",69133959,"9528 Jackson Port, Alexishaven, MP 77218"
1071,Matthew,Santos,F,1986-05-06,Intelligence analyst,29560283,"49811 Morse Mews, West Chelseaberg, AZ 54204"
1072,Joseph,Morrison,M,1997-04-15,Insurance account manager,82177470,"509 Paul Ramp Suite 534, Danaview, MI 39629"
1073,Nancy,Arias,M,1966-07-01,Bonds trader,24503126,"244 Carl Meadow, North Tiffanyhaven, MA 61253"
1074,Shirley,Perez,F,1995-11-04,Dealer,69506106,"69591 Tate Harbor Suite 569, West Alexander, AS 65266"
1075,Ruben,Johnson,F,1986-12-20,Technical author,81395267,"6815 Gray Forges, Kylefort, AL 24037"
1076,Katie,Burke,M,1990-07-07,Freight forwarder,36357048,"7684 John Harbor Apt. 721, West Ryanview, IL 62834"
1077,Hannah,Green,M,2000-05-06,Animal technologist,96585512,"442 Frederick Glens, New Michael, TN 43527"
1078,Cheryl,Berg,F,2006-08-26,Quantity surveyor,99754110,"6216 Vega Fork, Lake Brandyborough, ID 16791"
1079,Phillip,Silva,F,1987-04-13,Public relations account executive,55713363,"232 Cox Spring Suite 440, Port Ronaldshire, CT 12456"
1080,Donald,Cox,M,2002-11-18,"Buyer, industrial",86912027,"53464 Harold Expressway Apt. 193, Greenberg, OH 28700"
1081,Lisa,Kim,F,1968-02-27,Multimedia programmer,65680762,"5641 Kelly Rapids Apt. 790, North Lisa, MT 07930"
1082,Andrea,Hester,F,2001-06-27,Newspaper journalist,80560722,"7402 Randy Unions Suite 740, South Meganhaven, OH 03755"
1083,Amy,Flores,M,1998-03-12,Metallurgist,68681369,"368 Collins Field, North Adrienne, MT 69667"
1084,Kenneth,Wilcox,F,2006-10-29,Trading standards officer,94653417,"3868 Kelsey Route, West Jasonhaven, AR 58213"
1085,Julia,Jordan,M,1988-04-04,Broadcast presenter,16372048,"260 Warren Streets, Clintonside, DE 24932"
1086,James,Kelly,M,1977-10-20,Forensic psychologist,55070141,"86144 Esparza Rapids Apt. 188, Davismouth, NV 06392"
1087,Jennifer,Williams,F,1970-10-19,"Accountant, chartered management",59381596,"89909 Jennifer Trace, Port James, MT 78110"
1088,Nicholas,Cisneros,F,1991-02-14,Furniture conservator/restorer,91549358,"12325 Olson Shoals, Michaelstad, AL 64307"
1089,Megan,Terry,M,1975-05-16,"Loss adjuster, chartered",60958220,"31395 Lisa Wells, North Jamesview, OR 35827"
1090,Barbara,Reilly,M,2001-02-14,Dealer,83520068,"1266 Zimmerman Parkway, South Sarahfurt, KY 56036"
1091,Barbara,Sanders,M,1965-07-10,Educational psychologist,81324422,"13093 Renee Mountain Apt. 443, South Sandraland, MI 42821"
1092,Jason,Merritt,F,1976-04-17,"Designer, multimedia",59327135,"5777 Patterson Street, Lynchfurt, AS 37947"
1093,Vicki,Carter,F,1969-07-26,"Solicitor, Scotland",62728263,"1406 Nguyen Field, Victoriamouth, MA 66434"
1094,Connie,Fowler,F,2000-09-15,Contracting civil engineer,34299486,"08890 Garner Manors Suite 253, New Nicholasport, MO 28299"
1095,Courtney,Hall,F,1972-09-08,Accommodation manager,09463540,"17120 Moss Mission Apt. 980, Port Sandyfurt, WA 25241"
1096,Chelsea,Beard,F,2006-07-27,Adult guidance worker,70210266,"27501 Gary Branch Apt. 125, North Jesusmouth, AZ 14776"
1097,Robert,Taylor,M,1971-07-01,Audiological scientist,55790709,"640 Cheryl Pike, Jacksontown, VT 35857"
1098,David,Stone,F,1994-08-04,Insurance claims handler,57644698,"50005 Thomas Summit, Cookchester, MT 18178"
1099,Kevin,Mason,F,1979-05-06,Learning mentor,31320253,"0560 Randolph Cliffs, Port Melissafurt, ME 99859"
1100,Terrence,Hughes,M,2005-03-25,Legal executive,29257177,"116 Kathryn Ridges Apt. 705, Port Jenniferbury, MO 03275"
1101,Caleb,Dodson,M,1979-02-07,"Programme researcher, broadcasting/film/video",04101877,"USS Mccoy, FPO AE 49590"
1102,Patricia,Hernandez,F,1982-04-29,Contractor,87110119,"3605 Scott Port Apt. 793, Lake Kennethfurt, HI 61540"
1103,Veronica,Martinez,F,1984-09-01,Secretary/administrator,81635019,"326 Ward Lane Suite 184, Mckinneymouth, MH 77045"
1104,Grant,Mccullough,M,1966-08-16,Editorial assistant,17114794,"5994 Fields Forge Apt. 350, New Michael, IN 39662"
1105,James,Goodman,M,1969-12-17,Environmental education officer,54325674,"32793 Lawson Hills Apt. 182, Lake Austinstad, PA 02678"
1106,Carlos,Hensley,M,1974-01-12,"Scientist, research (physical sciences)",65707181,"925 Gonzalez Unions Apt. 141, Patriciamouth, KS 65577"
1107,Brandon,Thomas,F,2002-02-03,Graphic designer,87084602,"0411 Kristy Mills, Lake Donnaton, PR 01017"
1108,Kathleen,Thomas,F,1984-03-14,Freight forwarder,88966908,"69930 Bauer Manors, Vasquezville, NJ 64528"
1109,Mark,Johnson,M,1986-01-19,Oceanographer,97468006,"8332 Chase Glen Suite 800, East Jeanberg, NC 14981"
1110,George,David,F,1977-08-02,Musician,34279617,"623 Bailey Crescent, Lake Christianfort, NC 94485"
1111,Scott,Alexander,F,2000-06-05,"Scientist, product/process development",16398262,"PSC 0435, Box 2240, APO AE 56325"
1112,Suzanne,Moss,M,1975-04-14,Seismic interpreter,49552580,"91298 Torres Courts, Bentleyburgh, MO 27397"
1113,Preston,Butler,F,1987-05-01,Chemical engineer,91769752,"9643 Bethany Cape Suite 328, East Joyce, LA 63649"
1114,Andrea,Lopez,F,1990-06-07,Hospital pharmacist,81243913,"0992 Palmer Overpass, Port Richard, LA 15031"
1115,Scott,Wall,M,1990-11-21,Homeopath,68127701,"12445 John Falls Apt. 960, West Thomasborough, NM 87624"
1116,Karen,Martinez,F,1970-07-21,Company secretary,63302281,"0872 Charlotte Port Apt. 687, Ritaside, LA 26783"
1117,Adrienne,Griffin,F,1970-09-23,Academic librarian,11314473,"537 Jose Trace, Richardton, ID 14310"
1118,Curtis,Escobar,F,1981-02-07,"Conservator, furniture",39252427,"05528 Banks Parkway, Ryanchester, RI 82260"
1119,Bethany,Hudson,M,1967-08-06,"Accountant, chartered public finance",53243630,"872 Christina Heights Apt. 351, Phambury, MN 85956"
1120,Brad,Parker,M,1980-09-23,"Scientist, water quality",79778078,"597 Shelby Light, Williamsborough, NE 69719"
1121,Mark,Frost,M,1990-01-27,Restaurant manager,57509186,"736 Barnett Prairie, North Ross, TX 18657"
1122,Joshua,Calderon,M,2003-10-09,Occupational hygienist,29719340,"Unit 5562 Box 5597, DPO AA 63418"
1123,Jessica,Archer,F,1967-05-24,Astronomer,95121989,"5486 Brent Islands, Port Samanthaburgh, MA 09648"
1124,Amanda,Mcdowell,M,1974-01-25,Technical author,29275282,"7833 Bonnie Shoals Apt. 421, South Michelleberg, OK 05437"
1125,Emily,Chandler,M,1974-08-19,Armed forces operational officer,73195141,"6283 Joshua Extension, Rushville, WV 51877"
1126,Billy,Ortiz,M,1977-10-13,"Designer, furniture",26567324,"7299 Huang Streets Suite 356, Port Ralph, ME 37361"
1127,Desiree,Lucas,F,1975-01-15,Logistics and distribution manager,58988081,"7556 David Fort, Port Amandachester, VA 91951"
1128,Alyssa,Greene,F,1994-12-20,Logistics and distribution manager,74512902,"Unit 1550 Box 9530, DPO AA 53217"
1129,James,Gibbs,F,1979-03-03,Film/video editor,62045957,"874 Snow Radial, Patelfurt, PA 32563"
1130,Connie,Maldonado,M,1989-04-19,Warden/ranger,15086798,"345 Estrada Extensions, New Scott, LA 93093"
1131,John,Shaw,M,2005-05-12,Manufacturing engineer,35881821,"80895 Le Overpass, Danielton, MH 64243"
1132,Teresa,Davis,M,1981-07-02,Operational investment banker,47181231,"837 Tara River, Watkinschester, MH 62858"
1133,George,Tyler,M,1995-12-18,"Horticulturist, commercial",76432347,"9587 Roger Stravenue Apt. 057, East Jose, OH 92314"
1134,Frank,Becker,F,1998-09-15,Operational investment banker,43855015,"47789 Mark Island Apt. 629, Allisonchester, MH 82504"
1135,Andres,Owens,M,1974-07-19,Fast food restaurant manager,11254214,"911 Christine Club Apt. 721, Port Geraldhaven, KS 19362"
1136,Ronnie,Marquez,F,2006-10-09,Architectural technologist,93224491,"9026 Alexander Station, New Sabrina, PA 31466"
1137,Richard,Peterson,F,1969-05-15,Camera operator,53593852,"31544 Carlson Port Suite 241, North Amyfurt, SD 21885"
1138,Shane,Love,F,1966-04-10,Consulting civil engineer,64035781,"0368 Navarro Heights, North Anntown, KS 24970"
1139,Daniel,Reed,F,1967-12-18,Technical author,62487655,"82291 Hill Meadows Suite 867, West Kirk, MS 37057"
1140,Colin,Bridges,M,1995-04-09,"Buyer, industrial",60081726,"2127 Jimenez Underpass, West Kelly, MT 59627"
1141,Lisa,Parks,M,1975-02-23,Mudlogger,17297444,"9591 Pamela Loaf Suite 381, Lake Debbie, RI 74462"
1142,Laura,Lindsey,M,1994-04-01,Health service manager,96326334,"Unit 4487 Box 7548, DPO AP 95517"
1143,Michael,Palmer,M,1964-12-20,Pension scheme manager,07709975,"10348 Deborah Locks Apt. 696, East Mandyland, OR 43377"
1144,Jasmine,Davenport,F,1997-08-16,Financial manager,86172972,"43443 Michael Parkway Apt. 838, Nicolefurt, MH 03154"
1145,John,Wilson,M,2003-03-30,Prison officer,98644298,"0406 Robert Bridge Suite 265, Justinmouth, CO 07781"
1146,Mark,Johnson,F,2004-08-13,Charity officer,50459916,"81394 Middleton Valleys, Brewerborough, MH 60069"
1147,Kristina,Mejia,F,1970-09-28,"Psychotherapist, dance movement",69520085,"51564 Dana Canyon, Smithburgh, OH 62529"
1148,Julie,Lee,M,1999-03-31,"Scientist, research (maths)",10502944,"064 Michelle Landing Apt. 901, New Dawnstad, MS 52401"
1149,Austin,Wood,M,1972-04-24,Environmental education officer,29711357,"19299 Powell Stravenue Suite 083, Paulside, MS 36261"
1150,Jerry,Clay,F,1972-07-23,Estate manager/land agent,56815862,"6323 Martinez Way, New Tammy, ND 23192"
1151,David,Fry,F,1983-08-25,Applications developer,10819987,"5032 Garcia Burg Apt. 779, West Paulberg, DC 05105"
1152,Jennifer,Alvarez,M,1991-01-03,"Engineer, electrical",32600940,"125 Rice Track Apt. 640, Jacksonville, AZ 56578"
1153,Tyler,Duffy,M,1979-05-14,Clinical cytogeneticist,04411697,"1745 Amy Brooks, Jenniferchester, OR 94316"
1154,Keith,Stark,F,1989-06-01,Travel agency manager,66433717,"736 Holder Bypass, Matthewfort, NM 26444"
1155,Cynthia,Perez,F,1976-10-09,Graphic designer,96735751,"2182 Cassidy Run Apt. 616, East Matthewbury, FM 85606"
1156,Jeremy,Mcdonald,F,1965-05-01,Communications engineer,12249855,"5034 Wilkerson Locks Suite 173, Port Briannahaven, CO 13890"
1157,Mary,Evans,M,2001-09-15,Animator,12997568,"38396 Caitlin Port, West Christinemouth, NM 86669"
1158,Laura,Lynch,F,1983-12-23,Visual merchandiser,96051289,"0785 Krystal Rue Suite 533, Greenemouth, MN 69240"
1159,Jeremy,Baker,M,1967-07-08,"Nurse, children's",45715548,"4465 Kelley Junctions, Angelabury, KS 59345"
1160,Joseph,Thompson,M,1968-08-13,Midwife,36766344,"7186 Blair Centers, Hahnfort, CA 64794"
1161,Jason,Yang,F,1964-10-14,"Development worker, community",09403726,"3620 Perkins Terrace, Zacharyburgh, MA 16758"
1162,William,King,M,1992-08-21,"Therapist, sports",18913915,"955 Perkins Trail, Port Mathewberg, PR 01287"
1163,Jessica,Reese,M,1992-09-12,Chartered certified accountant,62697060,"054 Sonya Rapids Suite 851, Briannafort, WI 55692"
1164,Ian,Gutierrez,F,1989-06-19,Police officer,81912452,"76993 Howard Lake Apt. 253, South Angela, NY 43938"
1165,Jerome,Bauer,F,1999-05-27,Games developer,59575990,"48333 Edwards Knolls, New Rachel, AR 55897"
1166,Ann,Lopez,M,1968-07-13,Media buyer,53301249,"5219 Katherine Forge Apt. 981, Aimeetown, KY 37729"
1167,Joel,Mathis,F,1993-11-22,"Designer, interior/spatial",63929548,"756 George Path Suite 048, New Mary, AK 33632"
1168,Emily,Smith,M,1982-12-04,"Designer, multimedia",42303948,"559 Pamela Lane Apt. 870, South Marcusstad, CA 69091"
1169,Allison,Palmer,M,1988-01-25,"Engineer, biomedical",64954448,"653 Roy Knolls Suite 248, Cindyfort, SD 73683"
1170,Christina,Johnson,F,1973-12-20,Furniture designer,53295046,"259 Michele Springs, Juarezchester, WY 17803"
1171,Loretta,Gonzalez,M,1996-11-19,Careers adviser,62132053,"413 Brenda Crossing Apt. 207, North Kathleenview, RI 08923"
1172,Kim,Richardson,M,1995-10-24,Homeopath,85614927,"50700 Heather Causeway, East Christopher, CO 47284"
1173,Matthew,Price,M,1984-08-25,Graphic designer,98880137,"935 Davis Drive, Tammiebury, TX 39382"
1174,Jamie,Moore,F,1984-11-20,Fast food restaurant manager,42776449,"5641 Mendez Forge Suite 804, West Adamton, OH 70028"
1175,Christopher,Potts,F,1978-09-01,Graphic designer,08326875,"473 Young Camp, New Scottfurt, NJ 04610"
1176,Connie,Mclaughlin,F,1987-09-29,"Surveyor, building control",36861655,"037 William Pines Suite 616, Alitown, HI 66701"
1177,Lisa,Foster,F,1974-11-09,Recruitment consultant,85824642,"14854 Anthony Island Apt. 628, Lake James, PW 71135"
1178,Jeffrey,Johnson,F,2003-03-16,Insurance underwriter,73077596,"591 Miranda Curve Suite 931, Hendersonmouth, TX 20604"
1179,Anthony,Byrd,M,2003-03-04,Retail manager,68018227,"5609 Brown Ramp Suite 828, Johnstonmouth, PW 91337"
1180,Raymond,Allen,F,1999-06-15,Chief Operating Officer,85382503,"77321 Ricardo Tunnel, Copelandshire, SC 04194"
1181,Charles,Roberts,F,1971-09-16,"Radiographer, diagnostic",62692572,"55929 Brown Cliffs, New Kathrynmouth, OH 79634"
1182,Jennifer,Ray,M,1988-03-14,Dramatherapist,18752117,"PSC 8947, Box 4904, APO AP 87246"
1183,Bryce,White,F,1997-07-05,Customer service manager,92977609,"697 Rodriguez Inlet, East Matthew, NH 99354"
1184,David,Moore,M,1978-02-27,Personal assistant,43666788,"PSC 3407, Box 9315, APO AA 71973"
1185,Victoria,Rodriguez,M,2007-03-05,Dancer,27493676,"026 Bradley Common Suite 066, West Savannah, MS 48871"
1186,Deanna,Jones,M,1998-04-06,Commissioning editor,62112669,"00363 Michael Camp Apt. 760, New Jasonshire, WI 59205"
1187,Donald,Hernandez,F,1989-10-17,"Programmer, systems",97692504,"12952 Pamela Summit, Melissastad, DC 50806"
1188,Mark,Rogers,M,1999-07-09,Consulting civil engineer,17235245,"6539 Patel Pines, Rodriguezview, CT 81556"
1189,Chad,Lopez,F,1988-04-30,Animal technologist,51205703,"PSC 3911, Box 6279, APO AE 78257"
1190,Holly,Roberts,F,1987-11-16,Research scientist (physical sciences),40637568,"528 Linda Mountains Apt. 537, South Jessicaport, WY 74000"
1191,Mark,West,F,1979-10-16,Commercial horticulturist,63875115,"Unit 0926 Box 1422, DPO AP 18461"
1192,Michelle,Lewis,M,1996-01-12,Rural practice surveyor,09845514,"883 Dana Field, South Sandra, SD 36413"
1193,Patrick,Cruz,F,1989-07-15,Soil scientist,45403022,"USNS Hays, FPO AP 24122"
1194,Joshua,Russell,F,2003-11-19,Community education officer,21238720,"45646 David Court Apt. 102, Hallmouth, NH 63786"
1195,Michael,Richmond,M,1997-11-10,Production engineer,71909690,"2822 Ramirez Neck, Juanville, WI 21763"
1196,Shannon,Nguyen,M,1975-10-12,"Engineer, electrical",28510707,"85110 Richard Plaza, Marvinside, NE 89612"
1197,James,Delacruz,M,1979-08-21,Psychotherapist,27428106,"1387 Davis Passage Apt. 462, East Sophia, FL 71889"
1198,David,Keller,F,1969-03-01,Chartered loss adjuster,70361165,"235 Pollard Fork Apt. 896, Hallton, PW 30592"
1199,Leslie,Mcneil,M,1991-12-02,"Engineer, site",26483430,"PSC 2180, Box 4161, APO AE 43256"
1200,Russell,Powers,F,2003-04-07,Materials engineer,31141066,"9349 Coleman Passage, Thomasville, NE 80487"
1201,Natalie,Bailey,M,1998-10-23,Logistics and distribution manager,71756234,"44304 Gregory Extension, West Jesse, LA 92330"
1202,Mary,Miller,M,1995-05-09,Geographical information systems officer,26300279,"897 Christina Route Suite 935, Matthewtown, MH 81780"
1203,Michael,Obrien,M,1972-07-06,"Buyer, industrial",05899697,"57441 Brandon Harbors, Harrisport, SC 14879"
1204,Charles,Johnson,F,1993-08-10,Broadcast presenter,07312592,"32727 Patricia Rapid, Allenberg, WI 44073"
1205,Victoria,Castillo,M,1993-03-20,"Designer, blown glass/stained glass",03718421,"Unit 1877 Box 6037, DPO AP 71575"
1206,Danielle,Sharp,F,1995-03-07,"Development worker, community",09000309,"PSC 0860, Box 8929, APO AE 23209"
1207,Kendra,Martin,M,1998-08-09,Human resources officer,19178899,"89094 Schroeder Common, Nathanberg, IL 25497"
1208,April,Perry,F,2006-03-24,Naval architect,54193202,"51209 Yu River Apt. 946, South Jonathanfort, RI 66417"
1209,Alexis,Salazar,F,1974-11-02,Senior tax professional/tax inspector,47260709,"6198 Campbell Landing, Port Johnton, SD 64536"
1210,James,Barton,F,1980-02-12,Mudlogger,93867200,"08338 Preston Glens Suite 314, Tylerfort, AR 29733"
1211,Jordan,Dawson,M,1972-06-25,"Horticulturist, amenity",17000831,"89660 Stone Key, East Ashley, SD 80919"
1212,Aaron,Macdonald,F,1998-03-14,"Exhibitions officer, museum/gallery",82161467,"46368 Brittany Estate, Michaelmouth, FM 64764"
1213,Charles,Li,F,2004-05-15,Clinical molecular geneticist,45029330,"3498 Clark View, Jeanland, MS 15091"
1214,Brenda,Taylor,M,1982-08-09,"Psychotherapist, dance movement",43240980,"1293 Quinn Junction Suite 691, Watsonmouth, ME 71600"
1215,Maxwell,Lambert,F,1987-01-07,"Engineer, automotive",37650886,"7545 Walker Springs, North Jimmyfort, DC 49652"
1216,Tyler,Romero,F,1988-03-29,"Scientist, marine",12568604,"00791 Miller Park, Cummingsland, NV 12529"
1217,Douglas,Martinez,M,1988-08-12,"Conservation officer, historic buildings",07654330,"38436 David Overpass Apt. 239, South Jason, AS 20547"
1218,Michael,Taylor,M,1978-07-05,Pharmacologist,77093318,"0795 Ward Station, North Thomas, IL 28745"
1219,Audrey,Bush,F,1965-07-31,Neurosurgeon,48680496,"10635 Morrison Points, East Paula, NJ 96000"
1220,Juan,Parker,M,1977-08-14,Probation officer,39687081,"301 Laura Plaza, Paulton, OH 22373"
1221,Tammy,Lane,F,1970-09-24,Corporate treasurer,59748954,"9837 Smith Meadow Apt. 682, West Alisha, RI 81345"
1222,Felicia,Reed,M,1988-06-22,Logistics and distribution manager,43520623,"PSC 4248, Box 6605, APO AE 57270"
1223,Robert,Davenport,M,1986-07-16,Herpetologist,15518846,"3797 Barbara Parkways, West Kevin, HI 10712"
1224,Scott,Jacobson,F,1964-07-22,Event organiser,01111275,"Unit 8786 Box 2227, DPO AP 46945"
1225,Jennifer,Romero,F,1983-01-14,Mining engineer,25397141,"59931 Cortez Walk, South Jamieton, ID 23406"
1226,Kelly,King,M,1996-04-04,"Administrator, Civil Service",02316094,"2275 Kim Trace, Wellston, IN 53207"
1227,Alexander,Flores,F,2002-07-17,Community development worker,16852500,"980 Cynthia Expressway, East Glenn, PA 36921"
1228,Michael,Jordan,M,1985-11-07,"Designer, furniture",89576135,"9762 Jasmine Crossing Suite 046, Sarahfurt, MN 04295"
1229,Marissa,Murillo,F,1985-10-21,"Designer, ceramics/pottery",92034671,"USNS Beard, FPO AA 71502"
1230,Benjamin,Beard,F,1970-05-22,Insurance claims handler,28960244,"4968 Smith Mountain, West Erica, GU 06266"
1231,Thomas,Johnson,F,1991-06-16,"Conservation officer, nature",63989845,"8284 Jean Ranch Suite 054, South Darrylbury, OR 02468"
1232,Marie,Solis,F,1991-02-23,"Production assistant, television",78194903,"91727 Hoover Land Suite 711, East Angela, IA 73810"
1233,Charles,Hall,M,2006-07-31,"Surveyor, hydrographic",11059869,"6714 Lopez Radial, Edwardberg, GU 07606"
1234,Audrey,Jarvis,M,1976-12-18,Licensed conveyancer,94634856,"PSC 7778, Box 3610, APO AA 58390"
1235,Alicia,Espinoza,M,1970-05-09,"Clinical scientist, histocompatibility and immunogenetics",11550063,"8559 Tiffany Village Suite 359, Port Julianhaven, MT 43429"
1236,Gary,Flores,M,1997-03-22,Multimedia programmer,94864687,"1081 Watson Mountain Suite 946, Lake James, LA 68049"
1237,Jeffrey,Hopkins,M,2000-11-29,Lawyer,53641014,"69980 Wilson Mountains Apt. 583, Melissabury, ME 63517"
1238,David,Miller,F,1978-07-24,Catering manager,08203731,"841 Christopher Club Apt. 906, East Ruthmouth, OK 75052"
1239,Tony,Jones,F,1967-10-09,Geographical information systems officer,76748238,"0206 Sherri Mountains, East Timothy, ND 48926"
1240,Stephen,Thompson,F,1979-02-13,Prison officer,91586651,"182 Perez Loop Suite 226, Potterfurt, PW 48488"
1241,Krystal,Burns,M,1969-08-14,Naval architect,66077320,"PSC 7878, Box 6571, APO AE 16651"
1242,Gabriel,Huynh,M,1990-12-06,Set designer,20649110,"111 Cynthia Village, North Juanborough, NY 26334"
1243,David,Harvey,F,2002-07-18,"Development worker, community",35158508,"0244 Edwin Brooks Apt. 107, New Dawn, MS 72277"
1244,Mark,Guerra,M,2000-06-03,Solicitor,89490628,"33510 Joseph Viaduct, West Paul, SD 69597"
1245,Nicolas,Boyd,F,1995-09-19,Retail buyer,65096265,"USCGC Paul, FPO AE 53090"
1246,Corey,Santiago,M,1996-02-15,Geoscientist,05898698,"6459 William Prairie, Ellischester, ME 96943"
1247,Derek,Perez,F,1975-01-21,Forest/woodland manager,07101912,"11476 Norman River Apt. 589, Port Alexandria, VT 82907"
1248,Erica,Davis,F,1970-04-27,Psychiatrist,51866460,"512 Klein Manors Suite 242, Copelandborough, LA 39226"
1249,Mathew,Smith,M,1965-11-22,"Psychotherapist, dance movement",07969641,"660 Lara Extensions, Alvarezbury, FM 83293"
1250,Cody,Garza,F,2005-07-05,"Optician, dispensing",53887766,"49036 Zhang Lane Suite 009, North Henry, VA 04580"
1251,Adrienne,Hudson,F,1989-03-31,Dramatherapist,04449089,"PSC 5714, Box 8639, APO AP 37292"
1252,Jeremy,Bryant,M,1966-10-27,"Surveyor, quantity",66222894,"3637 Bates Mountain Apt. 191, Johnchester, MS 92791"
1253,Scott,Anderson,F,2003-03-29,Conference centre manager,83942725,"0958 Caitlin Branch, Andersonfurt, VI 60943"
1254,Joanne,Lewis,M,1997-03-31,Chief Technology Officer,31155968,"8598 Charles Falls Apt. 342, Nelsonburgh, OH 23333"
1255,Kimberly,Austin,F,1997-04-04,Physiological scientist,58550972,"858 Booth Port, North Austin, MI 08545"
1256,Seth,Phillips,F,1973-05-07,Armed forces technical officer,07733758,"33826 Courtney Spurs, South Aliciaville, ND 89124"
1257,Kelly,Richards,M,1964-07-11,Water quality scientist,71589682,"809 Laurie Ferry Suite 111, Kingfort, GA 50619"
1258,Nicholas,Guerra,F,1996-07-20,Dispensing optician,29571838,"335 Williams Gardens Suite 319, North Jenniferburgh, IL 64812"
1259,Christina,Adams,M,1984-09-20,"Engineer, drilling",99125789,"652 Sandra Courts, North Alicia, MT 98618"
1260,Wayne,Howe,F,2003-01-21,Hospital pharmacist,86604191,"4858 Olson Highway, North Brittany, NM 48165"
1261,Alex,Hebert,M,1978-08-05,Civil Service fast streamer,98395440,"33163 Sandra Mews, Allisonmouth, CT 32080"
1262,Karen,Ramirez,F,1980-12-30,"Surveyor, building",98160130,"63208 Spencer Garden, Port Heather, OK 13787"
1263,Karen,Sloan,M,2006-06-07,Travel agency manager,55306832,"1357 Rice Neck, Reedshire, AZ 98781"
1264,Michael,Hernandez,M,1976-07-29,Architectural technologist,41135957,"Unit 0279 Box 8442, DPO AA 33514"
1265,Jessica,Jackson,M,1988-08-15,"Teacher, secondary school",00116584,"79172 Patrick Mountain Apt. 520, Matthewstad, IN 33033"
1266,Carolyn,Griffith,F,1996-02-26,Customer service manager,16707134,"USCGC Dillon, FPO AA 07764"
1267,Jeff,Watts,F,1992-02-09,Optometrist,45812465,"055 Caldwell Street Suite 045, Bellport, TN 59166"
1268,Heather,Blevins,F,1995-06-17,Chief Strategy Officer,49161615,"05963 Lewis Island Apt. 392, Jenkinshaven, CO 57904"
1269,Alexis,Stout,F,2002-09-18,Chartered certified accountant,76426308,"159 Hale Road Apt. 411, Davidburgh, MA 90160"
1270,John,Flores,F,2001-12-20,Editorial assistant,48357211,"06579 Rhonda Garden, West Brittney, AZ 01245"
1271,Marie,Williams,M,1989-06-21,Chartered public finance accountant,12466888,"556 Stephanie Pass, Andersontown, TX 41162"
1272,Jason,Schmitt,F,2005-01-08,"Nurse, children's",25131987,"4904 David Mountain Apt. 636, Rodriguezmouth, HI 86796"
1273,Alison,Howard,F,1967-01-16,Senior tax professional/tax inspector,06783731,"66675 Nancy Parks, Lake Katherine, LA 53159"
1274,Marisa,Pugh,F,1992-03-03,Lobbyist,90817216,"500 Nicole Overpass, Adamburgh, MI 25010"
1275,Michael,Thomas,M,1983-08-14,"Copywriter, advertising",68123222,"Unit 0546 Box 8103, DPO AP 25007"
1276,Karen,Perez,M,2000-05-05,"Biochemist, clinical",22949335,"3899 Smith Ways, North Charles, NM 20433"
1277,Lauren,Benson,F,1994-01-31,"Secretary, company",11998993,"1972 Peter Lakes, East Sheila, WY 34768"
1278,Stephen,Brown,F,1991-08-12,"Scientist, product/process development",41033648,"USS Mclaughlin, FPO AE 21594"
1279,Katrina,Barker,F,1999-09-11,Radiation protection practitioner,86559386,"3700 Owens Pines Apt. 320, Taylorton, PA 16134"
1280,Leon,Maxwell,M,2004-02-04,Firefighter,76262651,"6580 Jerry Cliffs Apt. 718, Taylorburgh, NH 54488"
1281,John,Hayes,F,1970-09-20,Speech and language therapist,72696916,"24310 Stanley Highway Suite 854, Michaelchester, AS 90383"
1282,Nicolas,Parker,F,1982-05-22,Investment analyst,93398220,"0558 Kayla Plains, Kellyberg, MD 78492"
1283,Juan,Morrison,F,1985-07-28,"Designer, industrial/product",23094945,"9491 David Flat Apt. 483, New Barbarastad, HI 58428"
1284,David,Lane,F,1979-09-20,Publishing copy,43052289,"160 Gloria Mill Apt. 245, North Brianview, MA 22230"
1285,Courtney,Grant,F,1996-01-03,Dancer,25218658,"974 Devin Burg, East Jasonmouth, CO 84079"
1286,Cassidy,Campos,M,1995-04-30,Chief Technology Officer,96413533,"909 Robert Rue, Shawnborough, WY 67741"
1287,Sherry,Moore,M,1991-07-31,Theme park manager,16770384,"24937 Mendoza Station, Lake Tammy, NH 81957"
1288,Katherine,Grant,F,1979-08-18,Charity officer,37018681,"963 Thomas Estates Apt. 945, Petersonmouth, NH 10813"
1289,Brandon,Clark,M,1966-06-25,Careers information officer,01222028,"341 Karen Forges, Laurenside, MS 09742"
1290,Meagan,Chapman,F,2003-11-25,Geoscientist,07289374,"036 David Mountains Apt. 219, South Davidmouth, CA 03025"
1291,Drew,Russell,F,2005-08-05,Retail buyer,80628694,"80536 Elizabeth Oval Suite 396, Francistown, MI 80816"
1292,Nicole,Weaver,F,1995-05-26,"Nurse, children's",49524991,"1919 Russell Motorway Apt. 361, Hannahchester, NM 38896"
1293,Joseph,Woods,F,1968-01-04,Biomedical scientist,93749849,"435 Perry Isle, West Paulshire, MN 46130"
1294,Tamara,Stein,F,2000-05-17,Actuary,40118546,"9087 Jon Plains Apt. 606, Kimberlyfort, VT 85662"
1295,Gina,Wright,M,2005-04-11,"Designer, jewellery",29801281,"83539 Denise Grove, South Jill, TX 10476"
1296,Jennifer,Ortiz,M,1979-11-01,Chartered legal executive (England and Wales),25073423,"3902 Richard Springs, Hamiltonberg, PA 55848"
1297,Sue,Sandoval,M,1994-06-21,Product designer,63176389,"USNS Carlson, FPO AP 57463"
1298,Matthew,Bishop,F,1964-08-03,Legal secretary,94482525,"47047 Charles Points, South Vincentton, MP 97756"
1299,Jeffrey,Lamb,M,1991-01-12,Neurosurgeon,26592157,"3071 Craig Dale Suite 280, Port Joseph, CT 65695"
1300,Logan,Norton,F,1998-05-15,"Psychotherapist, child",82852830,"53601 Porter Village Apt. 156, Ryanfort, MN 54524"
1301,Eric,Smith,M,1987-03-18,Dance movement psychotherapist,55128667,"Unit 9618 Box 8366, DPO AP 20726"
1302,Carrie,Estrada,M,2004-08-29,Freight forwarder,13625425,"06535 Ford Turnpike Suite 807, West Derek, MN 46403"
1303,Nathan,Fitzpatrick,M,1999-04-13,"Psychologist, occupational",11518794,"608 Taylor Extensions, New Waynemouth, PR 68435"
1304,Kristen,Morrison,F,1982-07-29,Microbiologist,41598626,"37862 Price Loop, Lake Ginabury, VT 47183"
1305,Anna,Larson,M,2001-10-23,Community development worker,14277580,"3765 Kenneth Plains, Martinezton, NV 78076"
1306,Travis,Weeks,F,1969-12-24,Environmental education officer,37796501,"USCGC Williams, FPO AA 64995"
1307,Joanna,Bowen,M,1995-09-19,Quality manager,54777030,"1655 Jessica Road, Jonesbury, LA 12019"
1308,Levi,Melendez,M,2002-04-09,Chiropodist,00903970,"721 Cynthia Crossing Suite 657, Wadefort, FL 51202"
1309,Sean,Murillo,M,1980-09-21,"Designer, television/film set",81791589,"72438 Huff Points, East Diane, MP 26277"
1310,Courtney,Duarte,F,1992-04-01,"Scientist, product/process development",02694296,"0845 Goodman Garden, Port William, AR 59325"
1311,Tiffany,Jennings,F,1973-10-01,Psychiatrist,02531172,"70569 Sheila Cliff Apt. 110, New Charles, OR 48229"
1312,Joseph,Bailey,F,1980-05-24,Glass blower/designer,66678295,"07589 Jennifer Via, Cindyfort, TX 97957"
1313,Alexis,Kline,M,1979-04-29,"Scientist, marine",49585829,"9048 William Burg, New Cassandra, AZ 37771"
1314,Wayne,Lucas,F,1989-04-26,Exhibition designer,55879546,"006 Lauren Trafficway Suite 604, North Stephanie, TX 65358"
1315,Michael,Parrish,F,1981-05-31,Dramatherapist,59752054,"2358 Jean Route Apt. 794, Candiceshire, ND 51386"
1316,Mary,Harrison,M,1997-01-22,"Engineer, site",79223764,"25297 Miller Prairie Suite 533, Antoniohaven, MA 06819"
1317,Elizabeth,Henson,F,1984-06-21,"Scientist, forensic",73412249,"0821 Jeffery Junctions Apt. 933, South Stephen, OK 12462"
1318,Dale,Clark,F,1993-03-19,Financial controller,90401850,"9992 Hunter Harbor Suite 222, Michelefort, MH 14900"
1319,Christian,Donovan,M,1972-04-24,Emergency planning/management officer,86206739,"26162 Howell Mountain, South David, OK 66007"
1320,Michaela,Harvey,M,1998-01-25,Technical sales engineer,17190703,"08086 Julie Islands Suite 079, Danielport, UT 44232"
1321,Heidi,Bennett,M,1976-02-24,Dancer,93022041,"278 Craig Lane Suite 673, Schroedershire, NH 82542"
1322,Christopher,Anthony,M,1997-10-30,Learning mentor,00935341,"69763 Tara Manors, Vanessaside, PW 73276"
1323,Jeffrey,Johnson,M,1994-05-27,Homeopath,11570565,"087 Rasmussen Forges, Lake Chelsea, RI 79582"
1324,Jennifer,Reynolds,M,1964-11-29,"Teacher, special educational needs",96234805,"4828 Sara Estates Apt. 558, Anthonyton, OH 56642"
1325,Carly,Garner,F,1981-07-19,Mudlogger,14267041,"3937 William Mountains Suite 327, Walkerfort, NC 35262"
1326,Shelly,Booth,F,1976-11-06,Chief Financial Officer,71995077,"435 Charles Parkways, Longfort, MH 01915"
1327,Meagan,Clark,F,1972-05-12,Tour manager,78714364,"7506 Bray Drives Apt. 245, Hernandezport, PW 52241"
1328,Christopher,Andrews,F,1964-07-04,Event organiser,09844214,"064 Derrick Vista Apt. 292, Millerport, HI 62061"
1329,John,Prince,M,2001-03-04,Counsellor,01276951,"740 Melton Fields, Thompsonside, NY 70793"
1330,Regina,Barrera,F,1996-10-11,"Designer, industrial/product",12816465,"334 Good Gateway Apt. 350, East Jennifer, RI 50003"
1331,Jeff,Wilson,M,2003-10-17,Information systems manager,07865439,"80251 Lowe Green Suite 996, Lancetown, GU 76026"
1332,Jesse,Scott,F,1974-09-10,Electrical engineer,49787063,"48921 Cole Squares Apt. 484, Murphyport, HI 66952"
1333,Matthew,Smith,F,2005-10-16,Plant breeder/geneticist,05266213,"4025 Gomez Summit Suite 277, East Melissa, VT 17051"
1334,Anna,Winters,M,1966-10-12,Chief Operating Officer,39784312,"USNV Medina, FPO AE 54861"
1335,Carrie,Warner,M,1971-11-09,Archivist,49349800,"5885 Stephen Stravenue Suite 095, Bellstad, WA 30289"
1336,Mark,Warren,M,1975-02-08,Ceramics designer,41603898,"USNV Booth, FPO AA 54693"
1337,James,Mcneil,M,1987-04-06,Technical sales engineer,92878909,"27372 Mark Avenue, North Darlene, AS 61152"
1338,Mary,Tyler,M,2000-12-10,Risk analyst,05193993,"1316 Michael Branch, Garciatown, RI 03320"
1339,Benjamin,Monroe,F,1985-10-13,Nutritional therapist,41850855,"9339 Kimberly Flats, East Taylor, OH 09325"
1340,Dennis,Lara,F,1982-03-11,"Engineer, communications",47233478,"784 Lee Parkway Suite 075, Lake Clayton, ME 35651"
1341,Anna,Bolton,M,2001-10-25,Geographical information systems officer,19861618,"9748 Jonathan Club, West Raymond, NM 25153"
1342,Jason,Cruz,M,1968-09-10,Civil Service administrator,31273254,"7008 Brian Mall Apt. 654, East Ronald, AR 90902"
1343,Erica,Ortiz,M,1968-11-09,Oncologist,78623173,"8477 Davis Summit, Cherryshire, UT 90940"
1344,Kristy,Garcia,F,1995-08-26,Research scientist (medical),37979390,"7581 Harris Loop, West Heatherview, PR 59635"
1345,Judith,Briggs,F,1976-09-01,Hydrologist,73183599,"267 Caitlin Dale, Dominiquemouth, IN 15444"
1346,Natasha,Harmon,M,1964-09-07,Communications engineer,15204736,"PSC 1914, Box 3636, APO AP 15678"
1347,Ryan,Roach,M,1997-09-05,Retail banker,61837847,"7222 Robert Drives, Lukeside, MO 20264"
1348,Ernest,Anderson,M,1994-08-24,Corporate investment banker,62208923,"770 Johnson Cliffs Suite 407, Elizabethhaven, NM 10645"
1349,Jeanette,Gillespie,F,2004-03-17,"Conservation officer, historic buildings",17281325,"PSC 6031, Box 2361, APO AP 48302"
1350,Eugene,Ramos,M,2001-03-22,Records manager,46739209,"78589 Denise Throughway, Brooksmouth, MP 18784"
1351,Ashley,Jensen,M,1987-09-12,"Conservator, museum/gallery",85502424,"521 William Common, West Michael, GA 30048"
1352,Tammy,Davis,M,1975-09-22,Retail banker,87549249,"786 Burns Shoal, Martinezmouth, ME 01818"
1353,Maria,Anderson,M,1965-01-13,Company secretary,52562761,"3101 Cherry Light Apt. 165, North Williamfort, KS 33015"
1354,Stephanie,Vega,M,2003-10-23,Chief Operating Officer,20127153,"7763 Johns Stravenue, Feliciaport, TX 07510"
1355,Jean,Arnold,F,1971-10-13,Commercial art gallery manager,20741866,"PSC 0856, Box 7378, APO AP 69154"
1356,Connor,Smith,M,1968-02-14,Geographical information systems officer,85001127,"92314 Holloway Green, Lake Jennifer, PA 93436"
1357,Micheal,Walker,M,1994-06-30,Financial planner,50680974,"206 Joel Estate Apt. 335, New Jenna, NM 98531"
1358,Daniel,Garrett,F,1974-12-26,Purchasing manager,87260397,"912 Timothy Walk Suite 747, New Claudia, ND 15373"
1359,Scott,Gonzalez,F,2001-08-03,Metallurgist,16358010,"9447 Matthew Station, Hansenmouth, MA 60398"
1360,Carrie,Roberts,F,1987-01-09,Herpetologist,09670151,"537 Hanson Club, East Brianna, NY 56218"
1361,Matthew,Dawson,M,2004-07-19,Hotel manager,87236753,"984 Murphy Mountain Apt. 805, New Kathrynchester, CO 11774"
1362,Meghan,Kelly,F,1984-07-24,Air cabin crew,10714253,"1747 Hamilton Drives Suite 051, Krauseview, SC 45877"
1363,Alicia,Gray,F,1991-09-06,Newspaper journalist,89514929,"2483 Freeman Pine, South Ericville, DE 61260"
1364,Sean,Olsen,M,1973-04-02,Technical brewer,78246948,"45992 Grimes Courts Suite 172, New Michael, KS 42674"
1365,Mark,Hughes,M,1982-06-27,Fast food restaurant manager,74884939,"6458 Stewart Shoals Suite 998, South Rachelland, NM 95641"
1366,Juan,Miller,M,1980-07-28,Civil Service administrator,78405922,"USS Jackson, FPO AA 88118"
1367,Leonard,Roy,M,1977-10-26,Media planner,98532436,"Unit 6770 Box 3601, DPO AE 03716"
1368,Belinda,Orozco,F,1998-10-21,Risk analyst,53483113,"75075 Megan Way Apt. 503, New Jessica, OK 67690"
1369,Breanna,Cohen,F,1967-08-25,Network engineer,59087891,"51192 Rollins Fort, South Meaganmouth, HI 32666"
1370,Scott,Evans,M,2004-12-13,Regulatory affairs officer,43124085,"0671 Cody Row Apt. 521, North Deborah, PA 14081"
1371,Patrick,Rosales,M,1992-09-03,Aeronautical engineer,25191675,"9018 Elizabeth Cliffs Suite 618, Port Robynside, GU 78122"
1372,William,Brown,F,1972-06-07,Architect,48082025,"75150 Jesse Plains, Russellstad, AS 63005"
1373,Rachel,Morgan,F,2003-03-21,"Psychologist, occupational",73832385,"47594 Mccarthy Causeway, Hayesville, ID 46693"
1374,Jamie,Hunt,M,1988-08-09,Information officer,46770778,"541 Tiffany Falls Suite 888, Lake Nicoleport, FL 34371"
1375,Terri,Lee,M,1996-06-30,Occupational psychologist,11684037,"5549 Christine Stream Apt. 806, New Amyshire, WI 89805"
1376,Christopher,Rodriguez,M,1996-10-14,Maintenance engineer,81180078,"USCGC Gray, FPO AP 44229"
1377,Edgar,Griffin,F,1995-04-11,Theatre manager,40933427,"611 Bailey Court Apt. 769, South Jacqueline, MN 90777"
1378,Benjamin,Moore,M,1992-03-12,Quantity surveyor,19821334,"05137 Stacy Meadows, West Craigberg, KS 94938"
1379,Julian,Case,M,1988-12-25,Pension scheme manager,45105215,"103 Ryan Flats Suite 296, Riceside, FM 85269"
1380,Jennifer,Cox,M,1972-11-16,Financial adviser,86484779,"85976 Herrera Wells, Samuelchester, IL 55248"
1381,Veronica,Lucas,M,1986-03-25,Fashion designer,83731779,"136 Elliott Spur, West Nicholasfort, NC 90738"
1382,Erica,Frederick,F,1978-04-11,Primary school teacher,88240219,"28249 Santana Drive Suite 259, Rayland, MN 75644"
1383,Cynthia,Hardy,M,1970-03-11,Theatre manager,03395006,"51968 Macias Tunnel, Lake Michaelfurt, VI 15526"
1384,Paul,Kerr,M,1981-01-31,Commercial/residential surveyor,78375654,"46177 Johnston Highway Apt. 774, Port Ricky, CO 93808"
1385,Matthew,Miranda,M,1987-11-05,"Designer, industrial/product",72459342,"4076 Jerome Station, Port Monicaberg, AR 53473"
1386,Steven,Zimmerman,M,1971-06-07,Probation officer,59904583,"9409 Zachary Estate, East Alexander, FM 16020"
1387,Joshua,Bailey,F,1997-05-08,Equities trader,90863210,"2494 Jones Street, West Heather, HI 76696"
1388,Michael,Barrera,M,2004-09-21,Film/video editor,74727400,"49881 Kyle Lake, North Tonya, LA 02760"
1389,Larry,Rodriguez,F,1970-01-19,Cabin crew,87163366,"127 Jason Street, Robertfort, MH 42822"
1390,Melissa,Thomas,F,1968-02-05,Naval architect,77103451,"7391 Thomas Overpass Apt. 171, Thompsonton, IA 62727"
1391,Tiffany,Ramirez,F,1977-12-26,"Psychologist, counselling",25881589,"094 Simpson Expressway, Floresmouth, RI 56276"
1392,Donald,Kelley,F,2006-02-12,"Surveyor, insurance",32447450,"858 Bryant Extension, Alicialand, WV 95420"
1393,Kim,Matthews,F,1984-01-28,Mental health nurse,66750682,"112 Nicole Lights, Haynesmouth, TN 97874"
1394,Travis,Avila,F,1976-09-09,"Secretary, company",46635828,"467 Graves Wells Apt. 410, Lake Ashleyburgh, RI 06885"
1395,Ryan,Arroyo,M,1972-03-04,Tourism officer,37500292,"629 Stephanie Trafficway, Ayalaton, WV 89453"
1396,Ronnie,Bishop,F,1970-08-12,Publishing copy,00713248,"PSC 9245, Box 6185, APO AA 75512"
1397,Kyle,Morales,F,1992-01-26,Video editor,84046435,"428 Cain Burg, Figueroaview, GU 65052"
1398,Zachary,Williams,F,1998-01-27,Warehouse manager,05760773,"44923 Ramos Park, Walkerberg, UT 30599"
1399,Alan,Buck,M,1979-02-04,"Engineer, control and instrumentation",06949827,"40698 Karen Square, Hudsonberg, NV 31639"
1400,Colin,Lang,M,1967-02-28,Historic buildings inspector/conservation officer,37124589,"442 Samantha Squares, Farmerhaven, MA 77607"
1401,Frank,Bailey,M,2001-06-27,"Nurse, mental health",51073481,"76988 Cisneros Plaza, Collinsberg, DE 03821"
1402,Scott,Patel,M,1989-03-31,"Engineer, agricultural",11498197,"607 Shannon Pine, Jeanetteton, MP 66681"
1403,Kevin,Johnson,M,1984-01-06,Hydrologist,01339119,"9180 Lopez Alley Suite 226, New Terrychester, IA 67438"
1404,Brian,Freeman,M,1976-12-14,Theatre manager,92050961,"78542 Carol Inlet Apt. 797, East Bethany, ND 14776"
1405,Matthew,Bradley,M,1974-02-15,Dealer,72604808,"03042 Sarah Fords Suite 469, East Benjaminview, VA 47953"
1406,David,Hansen,F,1985-07-18,Broadcast presenter,50382166,"033 Reed Junctions, Lake Jacob, WI 98485"
1407,Laura,Clark,M,1969-10-08,Environmental health practitioner,81889349,"74308 Jennifer Isle Suite 506, North Christopherfort, MT 90827"
1408,Mary,Walker,F,1975-05-01,Legal executive,75391585,"0414 Carney Forges, Lake Michael, MH 67465"
1409,Adam,Thomas,F,1995-02-10,"Surveyor, hydrographic",73758039,"8634 Jennifer Harbors, New Michaelbury, MH 85500"
1410,Laura,Cunningham,F,1966-10-23,Multimedia specialist,20809839,"8595 Michelle Walk Suite 964, Port Michael, MT 54223"
1411,Laura,Moore,M,1998-04-07,Optometrist,92711246,"498 Powell Brooks, Lorettashire, OR 07175"
1412,Sherri,Wise,M,2007-03-29,Lawyer,27781268,"29139 Daniel Island Apt. 754, Estradatown, GA 36628"
1413,Kelly,Hayes,F,1967-09-15,Ship broker,00955276,"67646 Li Crossing, West Christinastad, AZ 89337"
1414,Brittany,Gross,F,1979-07-12,Oncologist,14908695,"24794 Shaw Tunnel, East Johnport, NH 88038"
1415,Christopher,Reynolds,F,1985-01-21,Chief Financial Officer,89959062,"041 Robert Greens Apt. 779, Paulville, DE 21013"
1416,Sandra,Nelson,M,1982-01-03,Trading standards officer,75983352,"6275 Tanner Springs, West Kristinville, MD 68265"
1417,Daniel,Davis,F,1999-02-25,Scientific laboratory technician,21180727,"03983 Jared Flats Suite 921, Velezberg, LA 65389"
1418,Sherri,Powell,F,1990-12-05,"Research officer, government",18579251,"30070 Williams Cliff Apt. 945, Coryfurt, MP 73128"
1419,Natalie,Lambert,F,1997-07-26,Air cabin crew,75510077,"13135 Norman Garden, North Tina, FL 46510"
1420,David,Oneal,F,1997-12-27,"Programme researcher, broadcasting/film/video",20814621,"5108 Williams Course Suite 158, Lake Craig, KS 20829"
1421,Joseph,Pearson,F,1968-10-04,Claims inspector/assessor,63295217,"Unit 9333 Box 0480, DPO AP 75372"
1422,Dwayne,Wong,M,1970-03-10,Chief Operating Officer,13832798,"35308 Wade Land Apt. 544, New Sara, WY 58981"
1423,James,Murphy,M,1997-10-29,"Engineer, broadcasting (operations)",28220001,"309 David Walks Suite 347, Charlesfurt, GU 76581"
1424,Lori,Fisher,M,1975-12-07,Charity officer,82391471,"77256 Carroll Mountains, New Gwendolynshire, AS 83857"
1425,Maxwell,Rasmussen,M,1978-09-10,Special educational needs teacher,76627273,"8915 Thompson Stream Suite 369, Perezshire, WY 31790"
1426,Christian,Smith,M,1989-11-24,Aeronautical engineer,91168322,"4400 Scott Extensions Suite 441, Weavertown, LA 13593"
1427,Kimberly,Landry,M,1968-06-05,Local government officer,63592369,"5996 James Courts, Huberport, TX 29521"
1428,Kathy,Hernandez,F,1992-11-29,Museum education officer,36192476,"23733 Wilson Springs Suite 946, South Nicole, WV 12588"
1429,Chelsea,Mosley,F,1993-05-31,Acupuncturist,12531036,"Unit 0672 Box 7235, DPO AP 08023"
1430,Michele,Durham,M,1988-12-03,Medical laboratory scientific officer,71263688,"24787 Michaela Circle Apt. 720, Davisborough, WY 31455"
1431,Stacey,Payne,F,1983-09-21,Chartered management accountant,22047490,"2417 Lee Glens Apt. 798, Jeremyport, PA 65175"
1432,Karen,Cunningham,M,1994-12-18,Commissioning editor,30802050,"70446 Leah Stream, East Larry, AK 36059"
1433,Antonio,Mercado,F,1975-02-15,Electronics engineer,54252943,"5969 Hogan Mission, Michaelville, CO 88488"
1434,Vincent,Ferguson,M,1970-03-22,Medical secretary,53085619,"288 Baker Valley Suite 199, Scottview, PW 36785"
1435,Sarah,Lee,F,1998-12-23,Toxicologist,59726395,"643 Wallace Harbor Apt. 282, Lake Amberhaven, DE 13842"
1436,Samuel,Walsh,M,2004-06-22,Furniture conservator/restorer,01139215,"0699 Webb Road, West Steven, OR 39412"
1437,Joseph,Bautista,M,1991-04-30,Sports development officer,44508131,"43113 Jacqueline Valleys, West Jillmouth, AS 18439"
1438,Jorge,Daniels,F,2002-10-01,Chartered loss adjuster,62098031,"4960 Janet Trail Suite 160, North Tannerberg, MT 81717"
1439,David,Larsen,M,1992-12-20,Control and instrumentation engineer,29507000,"3757 Padilla Street Apt. 433, East Megan, AZ 43327"
1440,Leslie,Barnes,M,2004-03-12,Company secretary,46889754,"17572 Banks Causeway Apt. 310, North Andrewmouth, NH 24000"
1441,Ashley,Robinson,F,1995-01-08,Water engineer,57499531,"13780 Garcia Route Apt. 957, New Jordan, HI 97816"
1442,William,Zhang,F,1976-08-26,Public house manager,35200838,"91339 Roberts Neck Suite 369, Johnstonmouth, MT 65128"
1443,Melissa,Sandoval,F,1993-01-19,Public librarian,25416243,"9661 Clark Views, Hunterport, MP 52908"
1444,Michael,Myers,F,1993-12-12,Diagnostic radiographer,14663184,"55968 Bryant Points Apt. 485, South Heatherville, MN 35673"
1445,Michael,Bell,M,1981-03-19,Building surveyor,25564499,"2092 Rebecca Roads, Dawnhaven, FL 46809"
1446,Tracy,Pineda,F,1998-07-14,Cytogeneticist,75145064,"47388 Walker Ways, East Geraldchester, AS 89575"
1447,Scott,Jackson,F,1997-04-11,Aeronautical engineer,54387081,"9825 Ortiz Camp, Paulland, ME 91009"
1448,Alexandria,Stark,M,1965-02-05,Field seismologist,12852969,"41128 Mason River Suite 526, West Justinfurt, KY 09557"
1449,Ronald,Oconnell,F,1989-03-15,Forest/woodland manager,00388030,"243 Bobby Way Suite 550, Karachester, MS 48518"
1450,Jonathan,Randolph,M,1995-07-19,"Conservation officer, nature",44202022,"22671 Figueroa Trace, Courtneyside, VT 68842"
1451,Christine,Robinson,F,1978-12-24,"Designer, furniture",46286570,"378 Wendy Divide Suite 228, Michaelhaven, SC 40430"
1452,Tiffany,Torres,F,1981-06-16,Investment analyst,20060025,"04189 Swanson Meadows Apt. 116, Pattonshire, PR 06970"
1453,Rebekah,Brown,M,1990-10-13,Chemical engineer,81744420,"826 Morgan Keys Apt. 527, Port Dustinside, DE 32520"
1454,Curtis,Guerrero,M,2000-03-11,Gaffer,60138711,"247 Williams Viaduct, Justinville, SD 24867"
1455,William,Owens,F,1994-09-20,General practice doctor,93077421,"08961 Moran Extension Suite 525, Hudsonton, AR 14316"
1456,Brian,Ortiz,M,1980-10-23,Community arts worker,25363749,"45936 White Green Apt. 066, Jeffreyhaven, PR 51529"
1457,Dana,Dean,F,1988-08-24,"Investment banker, operational",19944322,"574 Snyder Pine Apt. 626, Port Keith, FL 84491"
1458,Jose,Sellers,M,1996-10-23,Fitness centre manager,34280081,"484 Autumn Dale Suite 620, South Erikaport, PA 11109"
1459,Julia,Murphy,M,1983-01-12,Equality and diversity officer,61877848,"652 James Harbor, Davidsonside, CA 98514"
1460,Christina,Jones,M,1976-01-03,Systems analyst,44608561,"323 Kaitlyn Cliffs Suite 682, Ashleyhaven, DE 57761"
1461,Jacqueline,Pham,M,1987-07-31,Volunteer coordinator,47122462,"53454 Conner Prairie Apt. 126, Lake Stephanie, ID 70385"
1462,Brian,Anderson,M,1979-12-27,Learning disability nurse,59863984,"122 James Stravenue Apt. 853, Baileyview, AL 96388"
1463,Larry,Turner,M,1979-05-05,"Scientist, audiological",98156849,"USNS Perez, FPO AA 59547"
1464,Lisa,Crawford,M,1974-09-07,"Engineer, petroleum",19468091,"6861 Jonathon Garden Suite 099, East Peter, KY 34557"
1465,John,Morris,M,2007-02-20,Insurance underwriter,40296360,"346 Juan Shore Suite 334, Michaelfort, IA 42405"
1466,Alexa,Hunt,F,1995-08-25,"Accountant, chartered management",53677970,"630 Fuller Ways, Lake Joeside, VA 26552"
1467,Elizabeth,Gonzalez,F,1979-04-23,Pension scheme manager,01431230,"5484 Brittany Ridges, Greenside, NM 32438"
1468,Wesley,Smith,F,1999-03-16,Dancer,85480900,"9965 Flores Square Suite 521, Anthonyview, MH 27138"
1469,Luis,Schneider,F,1975-05-25,Ophthalmologist,23435854,"2877 Kevin Falls, West Sara, PR 43853"
1470,Timothy,Thompson,M,2004-03-21,Customer service manager,07419404,"0355 Simpson Mission, East Melody, VT 46739"
1471,Christina,Fuller,F,1980-09-05,Sports administrator,20661995,"792 Sutton Trail, Saraburgh, SD 62141"
1472,Kim,Allen,M,1987-02-19,Film/video editor,83663664,"7158 Brooks Hills, Douglasbury, AL 05229"
1473,Amanda,Ross,M,2004-11-07,Land/geomatics surveyor,26821054,"390 Estrada Forest Suite 711, Kirbystad, KY 99131"
1474,David,Gonzalez,F,1979-12-21,Personnel officer,53510192,"8206 Kelsey Estate, New Tammy, WV 20461"
1475,Emma,Miller,M,1973-09-06,Insurance broker,56109193,"5548 Daniel Circles, Andreastad, VI 02670"
1476,Deanna,Harris,F,1973-05-31,Advertising copywriter,04744694,"7547 Michelle Port, New Gregoryberg, MO 53800"
1477,Connie,Leonard,F,1995-07-10,"Scientist, research (medical)",60078794,"01540 Brown Place, Johnsonborough, ME 76039"
1478,Emma,Dillon,M,1992-02-21,Occupational psychologist,55277759,"6249 Martin Lights Apt. 404, Port Catherine, MI 59455"
1479,Deborah,Edwards,F,1978-10-17,"Designer, textile",82403638,"176 Tyler Drives Suite 248, Salinaschester, OK 16907"
1480,Teresa,Harris,F,1995-12-01,Building services engineer,73534708,"USNV Shaw, FPO AP 07519"
1481,Carrie,Key,F,1988-01-26,Chief Operating Officer,42262460,"9064 Sean Camp Apt. 348, Santiagoside, MI 74741"
1482,David,Martinez,M,1965-02-16,"Designer, textile",39604326,"3806 Vanessa Radial Apt. 176, Port Ryanville, MS 87247"
1483,Katrina,Wang,M,1969-01-08,Bookseller,15295895,"84448 Blevins Gateway Suite 563, North David, DE 98427"
1484,Kevin,Evans,F,1997-02-17,"Conservation officer, nature",70034629,"219 Ricardo Forge, Laurenport, GU 01666"
1485,Claire,Castro,F,1973-12-07,Clinical research associate,53540909,"79572 Robert Brook Suite 321, East Desireemouth, GU 20192"
1486,Henry,Myers,M,1972-06-03,Arts administrator,11628395,"21087 Bailey Village, West Christinechester, NC 96455"
1487,Jonathan,Crane,F,2001-09-01,Transport planner,98361215,"81916 Kim Key Suite 263, Adkinshaven, ID 90706"
1488,Jacob,Hudson,M,1972-08-17,"Psychotherapist, dance movement",50053808,"8579 Terry Viaduct, Hollyshire, MH 27987"
1489,Daniel,Jones,M,1978-03-03,"Engineer, manufacturing systems",42160633,"83996 Sharon Route, West John, CT 07421"
1490,Brett,Edwards,M,1969-05-12,"Programmer, multimedia",87209099,"Unit 6303 Box 1411, DPO AA 99920"
1491,Robert,Owen,M,1972-02-28,Sport and exercise psychologist,52640356,"947 Davis Trail, West Tiffany, RI 22898"
1492,Aaron,Mccullough,F,1982-03-28,"Therapist, nutritional",00881771,"62637 James Plain Apt. 728, New Deanside, WI 07647"
1493,Richard,Mcdonald,F,1997-02-26,IT consultant,81663956,"765 Davis Field Suite 119, West Julie, ME 38360"
1494,Nancy,James,M,1973-06-29,Commercial/residential surveyor,81920764,"2044 Oscar Forest, Michelechester, NJ 39799"
1495,Shelly,Espinoza,M,1991-06-26,"Loss adjuster, chartered",51676325,"USNS Nash, FPO AE 37833"
1496,Christopher,Burton,M,1980-12-03,Operations geologist,12143082,"901 Paul Underpass, East Joseph, OH 79809"
1497,Jose,Ramirez,F,1994-12-12,"Accountant, chartered",20931175,"0274 Jennifer Groves Apt. 262, Carrland, MP 94880"
1498,Michael,Crawford,M,1978-02-06,Magazine features editor,96184666,"13764 Long Shores Suite 844, New Michaelport, WA 07693"
1499,Joshua,Salinas,M,1996-06-08,Public relations account executive,55894018,"Unit 3527 Box 5225, DPO AP 48751"
